Datetime,Water Level (m)
2025-11-03 18:00:00,0.5629889
2025-11-03 19:00:00,0.719323
2025-11-03 20:00:00,0.690072
2025-11-03 21:00:00,0.5452584
2025-11-03 22:00:00,0.36122462
2025-11-03 23:00:00,0.16678415
2025-11-04 00:00:00,-0.02404067
2025-11-04 01:00:00,-0.1908635
2025-11-04 02:00:00,-0.31513596
2025-11-04 03:00:00,-0.19946963
2025-11-04 04:00:00,0.046702135
2025-11-04 05:00:00,0.2884331
2025-11-04 06:00:00,0.54877675
2025-11-04 07:00:00,0.7160343
2025-11-04 08:00:00,0.6959253
2025-11-04 09:00:00,0.54680306
2025-11-04 10:00:00,0.3595321
2025-11-04 11:00:00,0.15987466
2025-11-04 12:00:00,-0.03612245
2025-11-04 13:00:00,-0.21151824
2025-11-04 14:00:00,-0.35437754
2025-11-04 15:00:00,-0.30325922
2025-11-04 16:00:00,-0.034547836
2025-11-04 17:00:00,0.2310811
2025-11-04 18:00:00,0.53522503
2025-11-04 19:00:00,0.7938846
2025-11-04 20:00:00,0.91112405
2025-11-04 21:00:00,0.8272131
2025-11-04 22:00:00,0.6467017
2025-11-04 23:00:00,0.4441496
2025-11-05 00:00:00,0.23293802
2025-11-05 01:00:00,0.032495793
2025-11-05 02:00:00,-0.14455783
2025-11-05 03:00:00,-0.25274473
2025-11-05 04:00:00,-0.037797384
2025-11-05 05:00:00,0.1967207
2025-11-05 06:00:00,0.4531994
2025-11-05 07:00:00,0.7023691
2025-11-05 08:00:00,0.8207558
2025-11-05 09:00:00,0.73477006
2025-11-05 10:00:00,0.56347424
2025-11-05 11:00:00,0.3674465
2025-11-05 12:00:00,0.16260621
2025-11-05 13:00:00,-0.033246446
2025-11-05 14:00:00,-0.20519143
2025-11-05 15:00:00,-0.32985765
2025-11-05 16:00:00,-0.16215852
2025-11-05 17:00:00,0.10833678
2025-11-05 18:00:00,0.39658797
2025-11-05 19:00:00,0.7132116
2025-11-05 20:00:00,0.9467277
2025-11-05 21:00:00,0.99471444
2025-11-05 22:00:00,0.85964113
2025-11-05 23:00:00,0.6579019
2025-11-06 00:00:00,0.44885933
2025-11-06 01:00:00,0.23246829
2025-11-06 02:00:00,0.03258884
2025-11-06 03:00:00,-0.13990313
2025-11-06 04:00:00,-0.20500079
2025-11-06 05:00:00,0.054821804
2025-11-06 06:00:00,0.2808578
2025-11-06 07:00:00,0.5493168
2025-11-06 08:00:00,0.76296926
2025-11-06 09:00:00,0.81312406
2025-11-06 10:00:00,0.68910104
2025-11-06 11:00:00,0.5086318
2025-11-06 12:00:00,0.31095108
2025-11-06 13:00:00,0.11557974
2025-11-06 14:00:00,-0.07750623
2025-11-06 15:00:00,-0.24208581
2025-11-06 16:00:00,-0.32489356
2025-11-06 17:00:00,-0.06664788
2025-11-06 18:00:00,0.19358903
2025-11-06 19:00:00,0.51307935
2025-11-06 20:00:00,0.8112588
2025-11-06 21:00:00,1.0033435
2025-11-06 22:00:00,0.98291457
2025-11-06 23:00:00,0.82128686
2025-11-07 00:00:00,0.6136979
2025-11-07 01:00:00,0.40191293
2025-11-07 02:00:00,0.18912922
2025-11-07 03:00:00,-0.006099487
2025-11-07 04:00:00,-0.1660646
2025-11-07 05:00:00,-0.17521971
2025-11-07 06:00:00,0.09265215
2025-11-07 07:00:00,0.31518346
2025-11-07 08:00:00,0.567516
2025-11-07 09:00:00,0.7461301
2025-11-07 10:00:00,0.73447096
2025-11-07 11:00:00,0.591945
2025-11-07 12:00:00,0.41387638
2025-11-07 13:00:00,0.21918689
2025-11-07 14:00:00,0.027124846
2025-11-07 15:00:00,-0.14908735
2025-11-07 16:00:00,-0.2987659
2025-11-07 17:00:00,-0.2993121
2025-11-07 18:00:00,-0.016511716
2025-11-07 19:00:00,0.24881293
2025-11-07 20:00:00,0.55956495
2025-11-07 21:00:00,0.83536154
2025-11-07 22:00:00,0.96755904
2025-11-07 23:00:00,0.89118695
2025-11-08 00:00:00,0.71368474
2025-11-08 01:00:00,0.5122042
2025-11-08 02:00:00,0.30158448
2025-11-08 03:00:00,0.10730995
2025-11-08 04:00:00,-0.08305251
2025-11-08 05:00:00,-0.22598551
2025-11-08 06:00:00,-0.16879119
2025-11-08 07:00:00,0.08176425
2025-11-08 08:00:00,0.29601857
2025-11-08 09:00:00,0.5192225
2025-11-08 10:00:00,0.648807
2025-11-08 11:00:00,0.59055537
2025-11-08 12:00:00,0.44641957
2025-11-08 13:00:00,0.27329007
2025-11-08 14:00:00,0.09021608
2025-11-08 15:00:00,-0.08680512
2025-11-08 16:00:00,-0.2463637
2025-11-08 17:00:00,-0.3678542
2025-11-08 18:00:00,-0.2767333
2025-11-08 19:00:00,-0.013583344
2025-11-08 20:00:00,0.25378442
2025-11-08 21:00:00,0.55056465
2025-11-08 22:00:00,0.78917634
2025-11-08 23:00:00,0.8627637
2025-11-09 00:00:00,0.75778115
2025-11-09 01:00:00,0.58036375
2025-11-09 02:00:00,0.38830596
2025-11-09 03:00:00,0.18882166
2025-11-09 04:00:00,0.002064252
2025-11-09 05:00:00,-0.16012752
2025-11-09 06:00:00,-0.26669002
2025-11-09 07:00:00,-0.121638626
2025-11-09 08:00:00,0.083086416
2025-11-09 09:00:00,0.28643847
2025-11-09 10:00:00,0.4707533
2025-11-09 11:00:00,0.55528915
2025-11-09 12:00:00,0.47463962
2025-11-09 13:00:00,0.33839336
2025-11-09 14:00:00,0.17471321
2025-11-09 15:00:00,0.0062789004
2025-11-09 16:00:00,-0.15270026
2025-11-09 17:00:00,-0.2920326
2025-11-09 18:00:00,-0.3542284
